order_id,order_date,customer name,product,category,quantity,price,city,payment_mode,total_sales
1049,01-01-2024,Sunil Kapoor,Headphone,Accessories,0,28564,Bengaluru,UPI,0
1105,01-01-2024,Priya Singh,Mobile,Electronics,3,55396,Delhi,UPI,166188
1168,01-01-2024,Neha Gupta,Laptop,Electronics,3,0,Delhi,COD,0
1190,01-01-2024,Rohit Verma,Headphone,Accessories,1,50853,Mumbai,UPI,50853
1217,01-01-2024,Rahul Sharma,Headphone,Accessories,1,45973,Mumbai,UPI,45973
1219,01-01-2024,Priya Singh,Mobile,Electronics,0,43720,Delhi,UPI,0
1234,01-01-2024,Neha Gupta,Laptop,Electronics,3,11113,Mumbai,COD,33339
1264,01-01-2024,Unknown,Mobile,Electronics,1,0,Delhi,UPI,0
1379,01-01-2024,Sunil Kapoor,Laptop,Electronics,1,57701,Delhi,COD,57701
1454,01-01-2024,Unknown,Headphone,Accessories,2,26999,Delhi,COD,53998
1482,01-01-2024,Rohit Verma,Mobile,Electronics,2,31672,Bengaluru,Credit Card,63344
1058,02-01-2024,Unknown,Laptop,Electronics,1,26427,Delhi,COD,26427
1082,02-01-2024,Priya Singh,Mobile,Electronics,0,25812,Delhi,Credit Card,0
1097,02-01-2024,Unknown,Shoes,Fashion,4,33137,Mumbai,Credit Card,132548
1124,02-01-2024,Neha Gupta,Shoes,Fashion,2,32303,Bengaluru,COD,64606
1178,02-01-2024,Unknown,Mobile,Electronics,4,48773,Delhi,UPI,195092
1194,02-01-2024,Sunil Kapoor,Shoes,Fashion,1,42992,Pune,UPI,42992
1215,02-01-2024,Unknown,Mobile,Electronics,4,37375,Pune,UPI,149500
1249,02-01-2024,Sunil Kapoor,Shoes,Fashion,4,48150,Delhi,UPI,192600
1304,02-01-2024,Rahul Sharma,Mobile,Electronics,3,55567,Delhi,Credit Card,166701
1324,02-01-2024,Unknown,Laptop,Electronics,2,37641,Bengaluru,UPI,75282
1355,02-01-2024,Priya Singh,Mobile,Electronics,1,45019,Mumbai,Credit Card,45019
1359,02-01-2024,Neha Gupta,Headphone,Accessories,3,22505,Delhi,UPI,67515
1375,02-01-2024,Unknown,Mobile,Electronics,4,32904,Delhi,UPI,131616
1396,02-01-2024,Sunil Kapoor,Mobile,Electronics,1,33466,Delhi,UPI,33466
1452,02-01-2024,Sunil Kapoor,Headphone,Accessories,3,3968,Bengaluru,COD,11904
1030,03-01-2024,Rahul Sharma,Shoes,Fashion,2,26462,Mumbai,COD,52924
1031,03-01-2024,Sunil Kapoor,Headphone,Accessories,1,0,Mumbai,UPI,0
1062,03-01-2024,Priya Singh,Mobile,Electronics,2,26863,Mumbai,UPI,53726
1068,03-01-2024,Priya Singh,Mobile,Electronics,1,20520,Mumbai,UPI,20520
1102,03-01-2024,Priya Singh,Laptop,Electronics,4,47131,Delhi,COD,188524
1108,03-01-2024,Neha Gupta,Shoes,Fashion,3,46566,Pune,UPI,139698
1117,03-01-2024,Sunil Kapoor,Headphone,Accessories,2,35892,Delhi,COD,71784
1163,03-01-2024,Sunil Kapoor,Mobile,Electronics,3,7050,Bengaluru,UPI,21150
1169,03-01-2024,Sunil Kapoor,Mobile,Electronics,3,48548,Pune,Credit Card,145644
1238,03-01-2024,Sunil Kapoor,Headphone,Accessories,3,0,Delhi,COD,0
1252,03-01-2024,Rohit Verma,Mobile,Electronics,4,33172,Mumbai,COD,132688
1318,03-01-2024,Priya Singh,Mobile,Electronics,1,59063,Delhi,COD,59063
1340,03-01-2024,Sunil Kapoor,Mobile,Electronics,1,0,Bengaluru,UPI,0
1434,03-01-2024,Priya Singh,Laptop,Electronics,2,55583,Delhi,Credit Card,111166
1438,03-01-2024,Priya Singh,Mobile,Electronics,4,59288,Bengaluru,COD,237152
1447,03-01-2024,Neha Gupta,Shoes,Fashion,0,2628,Delhi,Credit Card,0
1003,04-01-2024,Rahul Sharma,Mobile,Electronics,2,57840,Pune,UPI,115680
1009,04-01-2024,Rohit Verma,Mobile,Electronics,4,0,Pune,Credit Card,0
1054,04-01-2024,Priya Singh,Mobile,Electronics,1,56654,Delhi,UPI,56654
1056,04-01-2024,Priya Singh,Headphone,Accessories,4,27190,Delhi,UPI,108760
1093,04-01-2024,Rohit Verma,Laptop,Electronics,3,35854,Delhi,UPI,107562
1101,04-01-2024,Neha Gupta,Mobile,Electronics,4,54747,Pune,Credit Card,218988
1181,04-01-2024,Unknown,Shoes,Fashion,3,39769,Pune,UPI,119307
1263,04-01-2024,Rohit Verma,Laptop,Electronics,4,47113,Pune,UPI,188452
1281,04-01-2024,Unknown,Mobile,Electronics,3,23180,Delhi,COD,69540
1307,04-01-2024,Rahul Sharma,Mobile,Electronics,1,27332,Delhi,Credit Card,27332
1357,04-01-2024,Rahul Sharma,Headphone,Accessories,2,16147,Delhi,UPI,32294
1398,04-01-2024,Rahul Sharma,Mobile,Electronics,2,13117,Delhi,Credit Card,26234
1405,04-01-2024,Neha Gupta,Mobile,Electronics,1,6263,Mumbai,COD,6263
1491,04-01-2024,Sunil Kapoor,Shoes,Fashion,4,32043,Delhi,COD,128172
1006,05-01-2024,Rohit Verma,Mobile,Electronics,1,55440,Pune,COD,55440
1027,05-01-2024,Rahul Sharma,Headphone,Accessories,1,54243,Mumbai,UPI,54243
1077,05-01-2024,Sunil Kapoor,Laptop,Electronics,2,0,Bengaluru,COD,0
1140,05-01-2024,Rahul Sharma,Headphone,Accessories,2,33200,Delhi,UPI,66400
1144,05-01-2024,Sunil Kapoor,Headphone,Accessories,3,35458,Delhi,Credit Card,106374
1161,05-01-2024,Rohit Verma,Headphone,Accessories,2,54403,Bengaluru,Credit Card,108806
1186,05-01-2024,Rahul Sharma,Mobile,Electronics,2,24007,Mumbai,Credit Card,48014
1188,05-01-2024,Priya Singh,Laptop,Electronics,1,20455,Bengaluru,UPI,20455
1199,05-01-2024,Rahul Sharma,Headphone,Accessories,4,16381,Mumbai,COD,65524
1314,05-01-2024,Neha Gupta,Shoes,Fashion,3,41860,Mumbai,Credit Card,125580
1333,05-01-2024,Sunil Kapoor,Laptop,Electronics,0,55069,Pune,UPI,0
1353,05-01-2024,Neha Gupta,Laptop,Electronics,2,38788,Pune,UPI,77576
1364,05-01-2024,Unknown,Shoes,Fashion,4,41335,Pune,COD,165340
1397,05-01-2024,Rahul Sharma,Mobile,Electronics,1,17753,Pune,UPI,17753
1461,05-01-2024,Sunil Kapoor,Headphone,Accessories,3,52128,Bengaluru,COD,156384
1496,05-01-2024,Rohit Verma,Shoes,Fashion,1,33475,Delhi,UPI,33475
1010,06-01-2024,Rahul Sharma,Headphone,Accessories,2,35875,Bengaluru,Credit Card,71750
1038,06-01-2024,Rahul Sharma,Headphone,Accessories,1,54863,Mumbai,UPI,54863
1125,06-01-2024,Unknown,Laptop,Electronics,3,43280,Pune,UPI,129840
1137,06-01-2024,Unknown,Mobile,Electronics,1,24180,Delhi,UPI,24180
1177,06-01-2024,Sunil Kapoor,Laptop,Electronics,1,49746,Delhi,COD,49746
1192,06-01-2024,Unknown,Mobile,Electronics,4,49217,Delhi,UPI,196868
1279,06-01-2024,Unknown,Headphone,Accessories,1,4828,Delhi,Credit Card,4828
1287,06-01-2024,Rahul Sharma,Mobile,Electronics,4,43631,Bengaluru,COD,174524
1302,06-01-2024,Priya Singh,Mobile,Electronics,2,22935,Mumbai,UPI,45870
1343,06-01-2024,Unknown,Laptop,Electronics,2,44165,Pune,Credit Card,88330
1377,06-01-2024,Rohit Verma,Mobile,Electronics,3,41944,Pune,COD,125832
1426,06-01-2024,Priya Singh,Mobile,Electronics,4,15091,Pune,Credit Card,60364
1445,06-01-2024,Priya Singh,Laptop,Electronics,4,16038,Delhi,COD,64152
1467,06-01-2024,Unknown,Mobile,Electronics,4,26365,Pune,UPI,105460
1007,07-01-2024,Sunil Kapoor,Mobile,Electronics,2,12797,Delhi,COD,25594
1086,07-01-2024,Rahul Sharma,Shoes,Fashion,3,14968,Bengaluru,COD,44904
1089,07-01-2024,Unknown,Mobile,Electronics,4,16363,Delhi,COD,65452
1094,07-01-2024,Neha Gupta,Laptop,Electronics,1,34729,Mumbai,UPI,34729
1146,07-01-2024,Rohit Verma,Mobile,Electronics,2,0,Delhi,Credit Card,0
1203,07-01-2024,Neha Gupta,Shoes,Fashion,3,14233,Delhi,Credit Card,42699
1337,07-01-2024,Sunil Kapoor,Laptop,Electronics,3,53021,Mumbai,UPI,159063
1338,07-01-2024,Neha Gupta,Mobile,Electronics,3,52730,Delhi,COD,158190
1417,07-01-2024,Neha Gupta,Headphone,Accessories,2,5803,Mumbai,Credit Card,11606
1456,07-01-2024,Rahul Sharma,Shoes,Fashion,1,37732,Mumbai,COD,37732
1459,07-01-2024,Unknown,Shoes,Fashion,0,22888,Mumbai,Credit Card,0
1465,07-01-2024,Rohit Verma,Mobile,Electronics,1,11063,Delhi,UPI,11063
1470,07-01-2024,Neha Gupta,Laptop,Electronics,1,40344,Pune,COD,40344
1497,07-01-2024,Rahul Sharma,Headphone,Accessories,4,18254,Delhi,COD,73016
1037,08-01-2024,Priya Singh,Mobile,Electronics,1,6969,Delhi,Credit Card,6969
1050,08-01-2024,Rahul Sharma,Mobile,Electronics,4,50277,Delhi,COD,201108
1051,08-01-2024,Neha Gupta,Shoes,Fashion,4,27089,Mumbai,UPI,108356
1066,08-01-2024,Priya Singh,Mobile,Electronics,3,21199,Mumbai,Credit Card,63597
1083,08-01-2024,Priya Singh,Headphone,Accessories,4,53983,Mumbai,UPI,215932
1106,08-01-2024,Sunil Kapoor,Mobile,Electronics,2,36437,Pune,UPI,72874
1121,08-01-2024,Unknown,Headphone,Accessories,3,19702,Delhi,Credit Card,59106
1151,08-01-2024,Rahul Sharma,Mobile,Electronics,4,42191,Delhi,UPI,168764
1179,08-01-2024,Priya Singh,Headphone,Accessories,4,0,Pune,UPI,0
1271,08-01-2024,Neha Gupta,Laptop,Electronics,1,29808,Delhi,COD,29808
1273,08-01-2024,Rohit Verma,Headphone,Accessories,4,29971,Bengaluru,UPI,119884
1297,08-01-2024,Unknown,Mobile,Electronics,4,50185,Pune,UPI,200740
1311,08-01-2024,Rohit Verma,Mobile,Electronics,4,0,Pune,UPI,0
1315,08-01-2024,Rahul Sharma,Mobile,Electronics,3,19817,Mumbai,UPI,59451
1323,08-01-2024,Priya Singh,Mobile,Electronics,2,24093,Bengaluru,Credit Card,48186
1374,08-01-2024,Neha Gupta,Headphone,Accessories,4,9599,Delhi,UPI,38396
1388,08-01-2024,Sunil Kapoor,Headphone,Accessories,3,58687,Pune,UPI,176061
1485,08-01-2024,Priya Singh,Mobile,Electronics,3,23338,Delhi,Credit Card,70014
1487,08-01-2024,Unknown,Mobile,Electronics,3,31892,Mumbai,UPI,95676
1020,09-01-2024,Rahul Sharma,Headphone,Accessories,0,13756,Delhi,Credit Card,0
1067,09-01-2024,Sunil Kapoor,Mobile,Electronics,2,31171,Bengaluru,UPI,62342
1145,09-01-2024,Unknown,Shoes,Fashion,0,14514,Mumbai,COD,0
1170,09-01-2024,Neha Gupta,Mobile,Electronics,1,46702,Mumbai,UPI,46702
1197,09-01-2024,Rahul Sharma,Headphone,Accessories,4,15322,Mumbai,UPI,61288
1247,09-01-2024,Rahul Sharma,Headphone,Accessories,1,29416,Mumbai,UPI,29416
1294,09-01-2024,Sunil Kapoor,Headphone,Accessories,1,0,Mumbai,COD,0
1326,09-01-2024,Priya Singh,Shoes,Fashion,4,0,Pune,UPI,0
1330,09-01-2024,Priya Singh,Mobile,Electronics,3,48000,Delhi,COD,144000
1360,09-01-2024,Priya Singh,Laptop,Electronics,1,56926,Delhi,UPI,56926
1366,09-01-2024,Rahul Sharma,Mobile,Electronics,4,44142,Mumbai,UPI,176568
1391,09-01-2024,Sunil Kapoor,Headphone,Accessories,1,14270,Delhi,UPI,14270
1406,09-01-2024,Neha Gupta,Shoes,Fashion,1,27314,Mumbai,Credit Card,27314
1413,09-01-2024,Rohit Verma,Headphone,Accessories,2,23597,Mumbai,Credit Card,47194
1414,09-01-2024,Priya Singh,Shoes,Fashion,3,52654,Mumbai,Credit Card,157962
1418,09-01-2024,Unknown,Shoes,Fashion,4,52106,Mumbai,UPI,208424
1443,09-01-2024,Unknown,Shoes,Fashion,2,0,Delhi,COD,0
1008,10-01-2024,Unknown,Shoes,Fashion,3,21958,Mumbai,UPI,65874
1160,10-01-2024,Neha Gupta,Shoes,Fashion,1,32724,Delhi,Credit Card,32724
1283,10-01-2024,Priya Singh,Mobile,Electronics,3,0,Bengaluru,UPI,0
1351,10-01-2024,Neha Gupta,Mobile,Electronics,2,14860,Delhi,COD,29720
1403,10-01-2024,Rahul Sharma,Headphone,Accessories,4,45004,Mumbai,UPI,180016
1415,10-01-2024,Priya Singh,Mobile,Electronics,4,29799,Mumbai,UPI,119196
1423,10-01-2024,Neha Gupta,Shoes,Fashion,0,58273,Pune,COD,0
1449,10-01-2024,Rahul Sharma,Mobile,Electronics,3,12488,Mumbai,COD,37464
1451,10-01-2024,Rahul Sharma,Headphone,Accessories,1,33180,Delhi,Credit Card,33180
1484,10-01-2024,Rohit Verma,Headphone,Accessories,3,35168,Delhi,Credit Card,105504
1096,11-01-2024,Rohit Verma,Mobile,Electronics,1,45788,Bengaluru,Credit Card,45788
1156,11-01-2024,Neha Gupta,Headphone,Accessories,4,36740,Delhi,COD,146960
1210,11-01-2024,Priya Singh,Shoes,Fashion,4,4768,Bengaluru,Credit Card,19072
1213,11-01-2024,Sunil Kapoor,Mobile,Electronics,2,37517,Pune,Credit Card,75034
1239,11-01-2024,Neha Gupta,Shoes,Fashion,3,55561,Mumbai,UPI,166683
1242,11-01-2024,Rahul Sharma,Shoes,Fashion,4,15069,Delhi,Credit Card,60276
1308,11-01-2024,Unknown,Headphone,Accessories,1,5652,Mumbai,Credit Card,5652
1317,11-01-2024,Sunil Kapoor,Mobile,Electronics,3,4155,Mumbai,COD,12465
1320,11-01-2024,Rohit Verma,Shoes,Fashion,2,35463,Bengaluru,COD,70926
1329,11-01-2024,Unknown,Laptop,Electronics,4,0,Bengaluru,COD,0
1339,11-01-2024,Priya Singh,Mobile,Electronics,4,0,Mumbai,UPI,0
1367,11-01-2024,Neha Gupta,Mobile,Electronics,3,54426,Bengaluru,COD,163278
1381,11-01-2024,Rohit Verma,Mobile,Electronics,2,37497,Delhi,Credit Card,74994
1386,11-01-2024,Priya Singh,Laptop,Electronics,0,57823,Pune,Credit Card,0
1429,11-01-2024,Unknown,Laptop,Electronics,2,53273,Delhi,UPI,106546
1442,11-01-2024,Rahul Sharma,Mobile,Electronics,4,2756,Mumbai,COD,11024
1472,11-01-2024,Neha Gupta,Headphone,Accessories,4,4015,Delhi,UPI,16060
1002,12-01-2024,Neha Gupta,Mobile,Electronics,4,0,Bengaluru,UPI,0
1045,12-01-2024,Rohit Verma,Mobile,Electronics,1,0,Delhi,COD,0
1075,12-01-2024,Unknown,Mobile,Electronics,2,7288,Pune,UPI,14576
1085,12-01-2024,Sunil Kapoor,Headphone,Accessories,3,0,Delhi,UPI,0
1090,12-01-2024,Unknown,Headphone,Accessories,0,50019,Delhi,UPI,0
1100,12-01-2024,Rohit Verma,Mobile,Electronics,2,42537,Pune,Credit Card,85074
1107,12-01-2024,Neha Gupta,Headphone,Accessories,2,2033,Delhi,Credit Card,4066
1123,12-01-2024,Unknown,Shoes,Fashion,4,39553,Delhi,Credit Card,158212
1176,12-01-2024,Rahul Sharma,Shoes,Fashion,4,55145,Mumbai,UPI,220580
1211,12-01-2024,Neha Gupta,Mobile,Electronics,0,57151,Bengaluru,COD,0
1248,12-01-2024,Priya Singh,Headphone,Accessories,2,40543,Delhi,UPI,81086
1261,12-01-2024,Priya Singh,Shoes,Fashion,4,0,Mumbai,Credit Card,0
1267,12-01-2024,Rahul Sharma,Shoes,Fashion,4,57389,Mumbai,UPI,229556
1275,12-01-2024,Neha Gupta,Laptop,Electronics,0,21684,Mumbai,COD,0
1305,12-01-2024,Sunil Kapoor,Mobile,Electronics,1,28679,Delhi,UPI,28679
1373,12-01-2024,Sunil Kapoor,Mobile,Electronics,4,14986,Delhi,UPI,59944
1409,12-01-2024,Priya Singh,Laptop,Electronics,1,56820,Pune,UPI,56820
1412,12-01-2024,Unknown,Mobile,Electronics,2,16026,Delhi,COD,32052
1440,12-01-2024,Neha Gupta,Headphone,Accessories,2,0,Delhi,UPI,0
1001,13-01-2024,Neha Gupta,Mobile,Electronics,4,45786,Bengaluru,COD,183144
1023,13-01-2024,Rohit Verma,Headphone,Accessories,3,51052,Delhi,Credit Card,153156
1040,13-01-2024,Priya Singh,Mobile,Electronics,1,15479,Delhi,Credit Card,15479
1055,13-01-2024,Rohit Verma,Laptop,Electronics,2,18515,Mumbai,UPI,37030
1092,13-01-2024,Rohit Verma,Mobile,Electronics,4,19785,Bengaluru,COD,79140
1134,13-01-2024,Rohit Verma,Mobile,Electronics,0,7910,Mumbai,Credit Card,0
1136,13-01-2024,Rahul Sharma,Shoes,Fashion,1,44355,Delhi,Credit Card,44355
1180,13-01-2024,Priya Singh,Mobile,Electronics,0,18111,Delhi,Credit Card,0
1226,13-01-2024,Sunil Kapoor,Headphone,Accessories,3,11089,Delhi,Credit Card,33267
1262,13-01-2024,Unknown,Shoes,Fashion,1,49176,Delhi,COD,49176
1269,13-01-2024,Sunil Kapoor,Mobile,Electronics,1,23420,Pune,UPI,23420
1303,13-01-2024,Sunil Kapoor,Headphone,Accessories,2,4748,Delhi,COD,9496
1321,13-01-2024,Priya Singh,Shoes,Fashion,2,49760,Mumbai,Credit Card,99520
1363,13-01-2024,Unknown,Mobile,Electronics,2,32863,Delhi,COD,65726
1387,13-01-2024,Priya Singh,Laptop,Electronics,3,36582,Delhi,UPI,109746
1411,13-01-2024,Rohit Verma,Mobile,Electronics,4,53501,Mumbai,UPI,214004
1446,13-01-2024,Neha Gupta,Mobile,Electronics,3,16870,Delhi,Credit Card,50610
1016,14-01-2024,Neha Gupta,Shoes,Fashion,4,0,Pune,COD,0
1036,14-01-2024,Unknown,Shoes,Fashion,3,44063,Delhi,Credit Card,132189
1073,14-01-2024,Unknown,Mobile,Electronics,1,8159,Delhi,UPI,8159
1091,14-01-2024,Sunil Kapoor,Shoes,Fashion,2,49723,Delhi,UPI,99446
1135,14-01-2024,Neha Gupta,Shoes,Fashion,4,53801,Pune,COD,215204
1150,14-01-2024,Rahul Sharma,Mobile,Electronics,2,42039,Delhi,Credit Card,84078
1165,14-01-2024,Rohit Verma,Mobile,Electronics,4,0,Bengaluru,COD,0
1174,14-01-2024,Rahul Sharma,Mobile,Electronics,1,12529,Mumbai,Credit Card,12529
1225,14-01-2024,Sunil Kapoor,Mobile,Electronics,2,59547,Delhi,UPI,119094
1232,14-01-2024,Rohit Verma,Headphone,Accessories,2,49699,Bengaluru,UPI,99398
1237,14-01-2024,Unknown,Headphone,Accessories,4,25857,Bengaluru,UPI,103428
1299,14-01-2024,Rohit Verma,Mobile,Electronics,0,25829,Mumbai,COD,0
1335,14-01-2024,Neha Gupta,Mobile,Electronics,1,55820,Bengaluru,COD,55820
1460,14-01-2024,Unknown,Headphone,Accessories,3,53196,Pune,UPI,159588
1011,15-01-2024,Unknown,Mobile,Electronics,4,4014,Pune,Credit Card,16056
1070,15-01-2024,Unknown,Shoes,Fashion,3,36814,Delhi,UPI,110442
1079,15-01-2024,Rahul Sharma,Mobile,Electronics,1,51945,Delhi,COD,51945
1084,15-01-2024,Unknown,Mobile,Electronics,1,8891,Bengaluru,COD,8891
1095,15-01-2024,Rohit Verma,Laptop,Electronics,4,14245,Pune,UPI,56980
1113,15-01-2024,Sunil Kapoor,Headphone,Accessories,0,0,Pune,COD,0
1116,15-01-2024,Unknown,Laptop,Electronics,2,0,Mumbai,COD,0
1149,15-01-2024,Unknown,Shoes,Fashion,1,0,Delhi,UPI,0
1159,15-01-2024,Unknown,Mobile,Electronics,2,54919,Pune,UPI,109838
1201,15-01-2024,Rahul Sharma,Laptop,Electronics,1,0,Bengaluru,Credit Card,0
1227,15-01-2024,Neha Gupta,Shoes,Fashion,1,50690,Delhi,UPI,50690
1243,15-01-2024,Rahul Sharma,Laptop,Electronics,0,28292,Mumbai,Credit Card,0
1344,15-01-2024,Rohit Verma,Shoes,Fashion,2,57613,Mumbai,Credit Card,115226
1354,15-01-2024,Unknown,Laptop,Electronics,4,0,Mumbai,Credit Card,0
1399,15-01-2024,Unknown,Mobile,Electronics,1,37907,Delhi,COD,37907
1424,15-01-2024,Rohit Verma,Mobile,Electronics,1,6229,Mumbai,UPI,6229
1431,15-01-2024,Rohit Verma,Headphone,Accessories,2,29408,Mumbai,UPI,58816
1441,15-01-2024,Priya Singh,Mobile,Electronics,1,3515,Mumbai,UPI,3515
1457,15-01-2024,Rohit Verma,Mobile,Electronics,4,0,Bengaluru,Credit Card,0
1476,15-01-2024,Rahul Sharma,Shoes,Fashion,3,32892,Bengaluru,COD,98676
1478,15-01-2024,Priya Singh,Headphone,Accessories,1,49108,Delhi,Credit Card,49108
1015,16-01-2024,Neha Gupta,Shoes,Fashion,2,10677,Mumbai,Credit Card,21354
1061,16-01-2024,Priya Singh,Headphone,Accessories,4,36823,Bengaluru,COD,147292
1103,16-01-2024,Rahul Sharma,Mobile,Electronics,4,39094,Delhi,COD,156376
1111,16-01-2024,Rohit Verma,Mobile,Electronics,1,51566,Bengaluru,COD,51566
1209,16-01-2024,Rohit Verma,Laptop,Electronics,3,55639,Delhi,Credit Card,166917
1214,16-01-2024,Priya Singh,Headphone,Accessories,0,25319,Delhi,UPI,0
1220,16-01-2024,Sunil Kapoor,Headphone,Accessories,2,32437,Delhi,Credit Card,64874
1259,16-01-2024,Rahul Sharma,Headphone,Accessories,3,46278,Delhi,COD,138834
1285,16-01-2024,Sunil Kapoor,Shoes,Fashion,2,15628,Mumbai,Credit Card,31256
1291,16-01-2024,Rahul Sharma,Laptop,Electronics,3,0,Mumbai,UPI,0
1309,16-01-2024,Neha Gupta,Mobile,Electronics,3,12841,Mumbai,UPI,38523
1432,16-01-2024,Rahul Sharma,Headphone,Accessories,2,43272,Bengaluru,COD,86544
1481,16-01-2024,Sunil Kapoor,Laptop,Electronics,0,22686,Mumbai,COD,0
1495,16-01-2024,Unknown,Headphone,Accessories,1,49333,Delhi,Credit Card,49333
1132,17-01-2024,Unknown,Mobile,Electronics,3,14425,Mumbai,UPI,43275
1157,17-01-2024,Priya Singh,Mobile,Electronics,3,54203,Bengaluru,UPI,162609
1193,17-01-2024,Rohit Verma,Laptop,Electronics,1,0,Mumbai,UPI,0
1204,17-01-2024,Sunil Kapoor,Mobile,Electronics,3,0,Pune,UPI,0
1216,17-01-2024,Rahul Sharma,Laptop,Electronics,3,3554,Bengaluru,COD,10662
1246,17-01-2024,Rahul Sharma,Laptop,Electronics,4,14974,Mumbai,COD,59896
1251,17-01-2024,Rahul Sharma,Shoes,Fashion,1,21910,Mumbai,Credit Card,21910
1257,17-01-2024,Unknown,Headphone,Accessories,0,28124,Mumbai,COD,0
1266,17-01-2024,Sunil Kapoor,Headphone,Accessories,4,49728,Mumbai,Credit Card,198912
1345,17-01-2024,Neha Gupta,Laptop,Electronics,2,24187,Mumbai,UPI,48374
1369,17-01-2024,Priya Singh,Headphone,Accessories,3,42030,Bengaluru,UPI,126090
1372,17-01-2024,Rohit Verma,Mobile,Electronics,0,49992,Delhi,UPI,0
1389,17-01-2024,Rohit Verma,Mobile,Electronics,1,48106,Pune,Credit Card,48106
1404,17-01-2024,Rohit Verma,Shoes,Fashion,2,20977,Pune,UPI,41954
1408,17-01-2024,Sunil Kapoor,Mobile,Electronics,4,0,Pune,COD,0
1433,17-01-2024,Rohit Verma,Mobile,Electronics,1,32922,Bengaluru,COD,32922
1437,17-01-2024,Rahul Sharma,Mobile,Electronics,2,0,Mumbai,COD,0
1458,17-01-2024,Neha Gupta,Shoes,Fashion,1,59654,Delhi,COD,59654
1042,18-01-2024,Rahul Sharma,Shoes,Fashion,4,19987,Mumbai,Credit Card,79948
1047,18-01-2024,Priya Singh,Mobile,Electronics,1,43257,Mumbai,COD,43257
1072,18-01-2024,Rahul Sharma,Headphone,Accessories,1,5775,Delhi,Credit Card,5775
1138,18-01-2024,Sunil Kapoor,Mobile,Electronics,2,34873,Delhi,Credit Card,69746
1155,18-01-2024,Rohit Verma,Shoes,Fashion,4,5410,Bengaluru,COD,21640
1171,18-01-2024,Rohit Verma,Shoes,Fashion,3,19616,Mumbai,UPI,58848
1286,18-01-2024,Sunil Kapoor,Mobile,Electronics,3,21015,Delhi,COD,63045
1327,18-01-2024,Rohit Verma,Mobile,Electronics,0,3169,Bengaluru,UPI,0
1385,18-01-2024,Neha Gupta,Shoes,Fashion,2,14207,Pune,UPI,28414
1400,18-01-2024,Rohit Verma,Mobile,Electronics,2,9171,Delhi,Credit Card,18342
1420,18-01-2024,Rohit Verma,Shoes,Fashion,0,0,Mumbai,UPI,0
1466,18-01-2024,Rohit Verma,Shoes,Fashion,4,48656,Mumbai,UPI,194624
1471,18-01-2024,Rohit Verma,Shoes,Fashion,4,12948,Delhi,Credit Card,51792
1473,18-01-2024,Rohit Verma,Shoes,Fashion,1,16181,Delhi,UPI,16181
1477,18-01-2024,Priya Singh,Headphone,Accessories,1,52295,Delhi,Credit Card,52295
1498,18-01-2024,Neha Gupta,Shoes,Fashion,1,11637,Mumbai,COD,11637
1004,19-01-2024,Neha Gupta,Mobile,Electronics,2,54109,Mumbai,UPI,108218
1026,19-01-2024,Sunil Kapoor,Laptop,Electronics,0,44527,Delhi,COD,0
1033,19-01-2024,Neha Gupta,Shoes,Fashion,2,17429,Delhi,Credit Card,34858
1041,19-01-2024,Neha Gupta,Mobile,Electronics,2,0,Mumbai,COD,0
1080,19-01-2024,Unknown,Shoes,Fashion,3,27782,Delhi,UPI,83346
1081,19-01-2024,Priya Singh,Shoes,Fashion,4,0,Mumbai,COD,0
1088,19-01-2024,Neha Gupta,Mobile,Electronics,3,28756,Delhi,UPI,86268
1099,19-01-2024,Unknown,Shoes,Fashion,1,31164,Mumbai,UPI,31164
1129,19-01-2024,Rahul Sharma,Headphone,Accessories,0,24104,Mumbai,Credit Card,0
1147,19-01-2024,Rohit Verma,Mobile,Electronics,1,0,Delhi,COD,0
1154,19-01-2024,Sunil Kapoor,Laptop,Electronics,4,59369,Delhi,UPI,237476
1167,19-01-2024,Rahul Sharma,Laptop,Electronics,4,12640,Pune,UPI,50560
1183,19-01-2024,Unknown,Laptop,Electronics,0,2825,Mumbai,Credit Card,0
1196,19-01-2024,Neha Gupta,Laptop,Electronics,4,0,Mumbai,Credit Card,0
1200,19-01-2024,Sunil Kapoor,Shoes,Fashion,3,0,Delhi,Credit Card,0
1207,19-01-2024,Sunil Kapoor,Laptop,Electronics,4,51832,Delhi,COD,207328
1241,19-01-2024,Sunil Kapoor,Mobile,Electronics,0,23801,Bengaluru,UPI,0
1282,19-01-2024,Priya Singh,Laptop,Electronics,2,0,Bengaluru,Credit Card,0
1298,19-01-2024,Sunil Kapoor,Laptop,Electronics,4,44714,Delhi,UPI,178856
1350,19-01-2024,Priya Singh,Headphone,Accessories,2,17524,Mumbai,Credit Card,35048
1368,19-01-2024,Rohit Verma,Mobile,Electronics,3,28917,Mumbai,COD,86751
1436,19-01-2024,Neha Gupta,Headphone,Accessories,1,41205,Delhi,COD,41205
1475,19-01-2024,Sunil Kapoor,Laptop,Electronics,3,18554,Mumbai,COD,55662
1034,20-01-2024,Rohit Verma,Mobile,Electronics,2,46374,Bengaluru,UPI,92748
1119,20-01-2024,Neha Gupta,Headphone,Accessories,1,28379,Delhi,Credit Card,28379
1148,20-01-2024,Rohit Verma,Laptop,Electronics,1,59600,Delhi,UPI,59600
1166,20-01-2024,Neha Gupta,Mobile,Electronics,1,16325,Mumbai,Credit Card,16325
1236,20-01-2024,Priya Singh,Laptop,Electronics,3,30194,Bengaluru,COD,90582
1260,20-01-2024,Rahul Sharma,Mobile,Electronics,1,0,Delhi,UPI,0
1265,20-01-2024,Rahul Sharma,Mobile,Electronics,4,41522,Delhi,COD,166088
1270,20-01-2024,Rahul Sharma,Mobile,Electronics,2,42539,Pune,Credit Card,85078
1274,20-01-2024,Priya Singh,Shoes,Fashion,2,37040,Delhi,COD,74080
1295,20-01-2024,Neha Gupta,Headphone,Accessories,4,12905,Delhi,COD,51620
1341,20-01-2024,Priya Singh,Laptop,Electronics,1,0,Pune,Credit Card,0
1362,20-01-2024,Rohit Verma,Shoes,Fashion,0,37205,Mumbai,UPI,0
1365,20-01-2024,Rohit Verma,Mobile,Electronics,0,22534,Delhi,UPI,0
1370,20-01-2024,Unknown,Mobile,Electronics,4,46874,Bengaluru,UPI,187496
1407,20-01-2024,Priya Singh,Headphone,Accessories,0,14738,Pune,UPI,0
1422,20-01-2024,Rohit Verma,Mobile,Electronics,4,14483,Delhi,UPI,57932
1463,20-01-2024,Unknown,Headphone,Accessories,2,51268,Mumbai,COD,102536
1046,21-01-2024,Rahul Sharma,Mobile,Electronics,3,13263,Mumbai,COD,39789
1074,21-01-2024,Rohit Verma,Mobile,Electronics,2,7724,Pune,COD,15448
1185,21-01-2024,Sunil Kapoor,Mobile,Electronics,2,21732,Mumbai,COD,43464
1322,21-01-2024,Rohit Verma,Laptop,Electronics,2,4198,Mumbai,UPI,8396
1334,21-01-2024,Neha Gupta,Mobile,Electronics,2,28672,Delhi,Credit Card,57344
1342,21-01-2024,Priya Singh,Shoes,Fashion,1,44679,Mumbai,Credit Card,44679
1348,21-01-2024,Unknown,Headphone,Accessories,1,8550,Mumbai,Credit Card,8550
1376,21-01-2024,Priya Singh,Mobile,Electronics,1,16147,Delhi,Credit Card,16147
1401,21-01-2024,Neha Gupta,Shoes,Fashion,4,28101,Mumbai,Credit Card,112404
1416,21-01-2024,Rohit Verma,Mobile,Electronics,1,11540,Delhi,COD,11540
1427,21-01-2024,Rahul Sharma,Headphone,Accessories,2,8790,Pune,Credit Card,17580
1435,21-01-2024,Neha Gupta,Mobile,Electronics,4,50023,Delhi,COD,200092
1479,21-01-2024,Priya Singh,Mobile,Electronics,3,42655,Delhi,COD,127965
1492,21-01-2024,Rahul Sharma,Mobile,Electronics,2,55021,Bengaluru,Credit Card,110042
1013,22-01-2024,Neha Gupta,Headphone,Accessories,3,47748,Delhi,UPI,143244
1017,22-01-2024,Sunil Kapoor,Laptop,Electronics,1,0,Mumbai,COD,0
1035,22-01-2024,Priya Singh,Shoes,Fashion,3,2813,Mumbai,Credit Card,8439
1112,22-01-2024,Neha Gupta,Headphone,Accessories,1,0,Mumbai,Credit Card,0
1114,22-01-2024,Unknown,Headphone,Accessories,1,46714,Delhi,UPI,46714
1120,22-01-2024,Priya Singh,Laptop,Electronics,1,0,Mumbai,COD,0
1162,22-01-2024,Unknown,Shoes,Fashion,0,54282,Bengaluru,UPI,0
1272,22-01-2024,Priya Singh,Mobile,Electronics,1,37075,Delhi,UPI,37075
1288,22-01-2024,Priya Singh,Shoes,Fashion,3,39769,Delhi,Credit Card,119307
1296,22-01-2024,Rahul Sharma,Laptop,Electronics,0,34938,Bengaluru,COD,0
1310,22-01-2024,Rohit Verma,Laptop,Electronics,4,49699,Delhi,COD,198796
1312,22-01-2024,Priya Singh,Laptop,Electronics,2,0,Delhi,COD,0
1430,22-01-2024,Sunil Kapoor,Headphone,Accessories,2,58685,Bengaluru,COD,117370
1444,22-01-2024,Unknown,Laptop,Electronics,2,7724,Mumbai,UPI,15448
1453,22-01-2024,Priya Singh,Laptop,Electronics,2,49839,Mumbai,UPI,99678
1025,23-01-2024,Priya Singh,Laptop,Electronics,0,56865,Pune,Credit Card,0
1039,23-01-2024,Unknown,Mobile,Electronics,2,45229,Bengaluru,Credit Card,90458
1127,23-01-2024,Priya Singh,Shoes,Fashion,4,5917,Pune,Credit Card,23668
1128,23-01-2024,Sunil Kapoor,Mobile,Electronics,4,27222,Delhi,UPI,108888
1153,23-01-2024,Unknown,Mobile,Electronics,2,0,Mumbai,Credit Card,0
1173,23-01-2024,Neha Gupta,Mobile,Electronics,3,0,Bengaluru,UPI,0
1221,23-01-2024,Neha Gupta,Laptop,Electronics,4,49701,Mumbai,COD,198804
1222,23-01-2024,Sunil Kapoor,Laptop,Electronics,3,55773,Delhi,UPI,167319
1224,23-01-2024,Priya Singh,Shoes,Fashion,0,42897,Bengaluru,Credit Card,0
1229,23-01-2024,Unknown,Headphone,Accessories,3,0,Bengaluru,UPI,0
1233,23-01-2024,Neha Gupta,Mobile,Electronics,2,31249,Mumbai,UPI,62498
1268,23-01-2024,Rohit Verma,Shoes,Fashion,2,53556,Delhi,Credit Card,107112
1277,23-01-2024,Rahul Sharma,Laptop,Electronics,3,17764,Delhi,Credit Card,53292
1278,23-01-2024,Rohit Verma,Mobile,Electronics,0,53592,Delhi,COD,0
1328,23-01-2024,Unknown,Headphone,Accessories,3,13083,Mumbai,UPI,39249
1331,23-01-2024,Rahul Sharma,Mobile,Electronics,2,7862,Delhi,COD,15724
1332,23-01-2024,Rahul Sharma,Headphone,Accessories,4,4257,Delhi,COD,17028
1346,23-01-2024,Rahul Sharma,Laptop,Electronics,3,24656,Delhi,COD,73968
1380,23-01-2024,Unknown,Mobile,Electronics,2,31529,Mumbai,COD,63058
1384,23-01-2024,Neha Gupta,Shoes,Fashion,2,58367,Mumbai,UPI,116734
1390,23-01-2024,Unknown,Headphone,Accessories,4,26344,Mumbai,UPI,105376
1392,23-01-2024,Priya Singh,Laptop,Electronics,2,46320,Delhi,Credit Card,92640
1480,23-01-2024,Sunil Kapoor,Shoes,Fashion,1,0,Delhi,COD,0
1005,24-01-2024,Rahul Sharma,Laptop,Electronics,0,0,Mumbai,UPI,0
1024,24-01-2024,Neha Gupta,Mobile,Electronics,4,15565,Mumbai,COD,62260
1059,24-01-2024,Neha Gupta,Shoes,Fashion,4,51180,Mumbai,COD,204720
1063,24-01-2024,Priya Singh,Mobile,Electronics,2,0,Delhi,COD,0
1104,24-01-2024,Neha Gupta,Shoes,Fashion,4,7548,Mumbai,UPI,30192
1130,24-01-2024,Sunil Kapoor,Mobile,Electronics,2,19456,Pune,COD,38912
1230,24-01-2024,Priya Singh,Shoes,Fashion,2,30239,Mumbai,UPI,60478
1245,24-01-2024,Sunil Kapoor,Mobile,Electronics,3,0,Delhi,UPI,0
1254,24-01-2024,Rohit Verma,Mobile,Electronics,4,22483,Bengaluru,UPI,89932
1289,24-01-2024,Priya Singh,Shoes,Fashion,2,0,Mumbai,Credit Card,0
1313,24-01-2024,Priya Singh,Mobile,Electronics,2,50688,Mumbai,UPI,101376
1371,24-01-2024,Unknown,Mobile,Electronics,4,56143,Delhi,Credit Card,224572
1382,24-01-2024,Unknown,Shoes,Fashion,3,19624,Bengaluru,COD,58872
1012,25-01-2024,Rahul Sharma,Mobile,Electronics,4,49504,Delhi,Credit Card,198016
1048,25-01-2024,Neha Gupta,Mobile,Electronics,4,23288,Mumbai,Credit Card,93152
1052,25-01-2024,Unknown,Laptop,Electronics,3,8651,Mumbai,COD,25953
1071,25-01-2024,Rohit Verma,Laptop,Electronics,0,4338,Mumbai,UPI,0
1143,25-01-2024,Unknown,Shoes,Fashion,3,9786,Delhi,UPI,29358
1172,25-01-2024,Rahul Sharma,Mobile,Electronics,3,9009,Mumbai,UPI,27027
1175,25-01-2024,Rahul Sharma,Mobile,Electronics,4,42219,Mumbai,UPI,168876
1231,25-01-2024,Sunil Kapoor,Shoes,Fashion,1,7797,Mumbai,UPI,7797
1255,25-01-2024,Unknown,Shoes,Fashion,1,35405,Pune,UPI,35405
1292,25-01-2024,Priya Singh,Shoes,Fashion,4,29190,Mumbai,COD,116760
1293,25-01-2024,Neha Gupta,Headphone,Accessories,4,2577,Delhi,Credit Card,10308
1358,25-01-2024,Neha Gupta,Headphone,Accessories,3,31558,Delhi,UPI,94674
1468,25-01-2024,Priya Singh,Shoes,Fashion,4,39435,Delhi,COD,157740
1469,25-01-2024,Unknown,Headphone,Accessories,3,56208,Delhi,COD,168624
1486,25-01-2024,Neha Gupta,Shoes,Fashion,3,35289,Pune,UPI,105867
1500,25-01-2024,Rohit Verma,Mobile,Electronics,2,20890,Delhi,UPI,41780
1028,26-01-2024,Neha Gupta,Laptop,Electronics,1,38512,Mumbai,Credit Card,38512
1044,26-01-2024,Sunil Kapoor,Shoes,Fashion,2,11930,Mumbai,COD,23860
1060,26-01-2024,Sunil Kapoor,Headphone,Accessories,0,58873,Pune,COD,0
1065,26-01-2024,Rahul Sharma,Headphone,Accessories,4,5499,Delhi,Credit Card,21996
1109,26-01-2024,Rahul Sharma,Mobile,Electronics,3,0,Mumbai,COD,0
1133,26-01-2024,Rohit Verma,Mobile,Electronics,2,24315,Pune,UPI,48630
1184,26-01-2024,Rahul Sharma,Mobile,Electronics,4,6207,Bengaluru,Credit Card,24828
1240,26-01-2024,Neha Gupta,Laptop,Electronics,2,15516,Delhi,Credit Card,31032
1250,26-01-2024,Priya Singh,Laptop,Electronics,4,52286,Delhi,UPI,209144
1284,26-01-2024,Priya Singh,Mobile,Electronics,0,40540,Bengaluru,UPI,0
1394,26-01-2024,Unknown,Laptop,Electronics,3,27057,Delhi,Credit Card,81171
1448,26-01-2024,Neha Gupta,Mobile,Electronics,4,13947,Delhi,Credit Card,55788
1057,27-01-2024,Sunil Kapoor,Shoes,Fashion,0,33939,Bengaluru,Credit Card,0
1115,27-01-2024,Neha Gupta,Laptop,Electronics,2,25788,Bengaluru,Credit Card,51576
1139,27-01-2024,Rahul Sharma,Mobile,Electronics,4,58991,Delhi,UPI,235964
1141,27-01-2024,Neha Gupta,Headphone,Accessories,2,2582,Pune,UPI,5164
1164,27-01-2024,Sunil Kapoor,Mobile,Electronics,2,2642,Mumbai,Credit Card,5284
1195,27-01-2024,Neha Gupta,Mobile,Electronics,4,41958,Delhi,UPI,167832
1218,27-01-2024,Priya Singh,Mobile,Electronics,2,7214,Delhi,UPI,14428
1300,27-01-2024,Rohit Verma,Headphone,Accessories,4,0,Bengaluru,COD,0
1301,27-01-2024,Neha Gupta,Mobile,Electronics,2,8894,Mumbai,COD,17788
1316,27-01-2024,Rahul Sharma,Mobile,Electronics,4,54882,Mumbai,UPI,219528
1336,27-01-2024,Unknown,Mobile,Electronics,3,0,Mumbai,COD,0
1378,27-01-2024,Sunil Kapoor,Mobile,Electronics,0,53981,Mumbai,Credit Card,0
1395,27-01-2024,Unknown,Mobile,Electronics,3,29371,Bengaluru,UPI,88113
1450,27-01-2024,Priya Singh,Laptop,Electronics,2,32588,Mumbai,UPI,65176
1455,27-01-2024,Unknown,Headphone,Accessories,2,47060,Bengaluru,Credit Card,94120
1464,27-01-2024,Rohit Verma,Shoes,Fashion,0,10687,Delhi,UPI,0
1483,27-01-2024,Rohit Verma,Shoes,Fashion,3,56870,Pune,Credit Card,170610
1490,27-01-2024,Neha Gupta,Laptop,Electronics,3,56682,Bengaluru,UPI,170046
1493,27-01-2024,Sunil Kapoor,Headphone,Accessories,1,24853,Delhi,UPI,24853
1499,27-01-2024,Rahul Sharma,Mobile,Electronics,2,56751,Delhi,UPI,113502
1019,28-01-2024,Rohit Verma,Mobile,Electronics,2,29940,Mumbai,COD,59880
1029,28-01-2024,Priya Singh,Mobile,Electronics,1,17143,Pune,UPI,17143
1032,28-01-2024,Rahul Sharma,Shoes,Fashion,4,3442,Mumbai,Credit Card,13768
1078,28-01-2024,Rohit Verma,Mobile,Electronics,2,38246,Mumbai,UPI,76492
1098,28-01-2024,Unknown,Mobile,Electronics,0,51797,Mumbai,UPI,0
1131,28-01-2024,Unknown,Shoes,Fashion,3,0,Pune,COD,0
1152,28-01-2024,Neha Gupta,Laptop,Electronics,0,0,Mumbai,UPI,0
1202,28-01-2024,Rohit Verma,Shoes,Fashion,2,41497,Pune,Credit Card,82994
1205,28-01-2024,Priya Singh,Mobile,Electronics,2,19019,Bengaluru,COD,38038
1228,28-01-2024,Unknown,Mobile,Electronics,1,0,Pune,UPI,0
1306,28-01-2024,Priya Singh,Shoes,Fashion,3,0,Delhi,Credit Card,0
1325,28-01-2024,Priya Singh,Shoes,Fashion,2,45684,Bengaluru,UPI,91368
1347,28-01-2024,Rohit Verma,Headphone,Accessories,1,27390,Mumbai,UPI,27390
1393,28-01-2024,Rohit Verma,Shoes,Fashion,4,0,Bengaluru,UPI,0
1419,28-01-2024,Sunil Kapoor,Laptop,Electronics,3,26428,Bengaluru,COD,79284
1425,28-01-2024,Unknown,Laptop,Electronics,1,45455,Delhi,UPI,45455
1474,28-01-2024,Sunil Kapoor,Mobile,Electronics,3,18115,Mumbai,UPI,54345
1014,29-01-2024,Neha Gupta,Laptop,Electronics,1,15817,Mumbai,COD,15817
1018,29-01-2024,Sunil Kapoor,Shoes,Fashion,2,41895,Bengaluru,UPI,83790
1021,29-01-2024,Rahul Sharma,Mobile,Electronics,1,40299,Delhi,Credit Card,40299
1043,29-01-2024,Priya Singh,Shoes,Fashion,2,52253,Delhi,Credit Card,104506
1064,29-01-2024,Neha Gupta,Headphone,Accessories,0,26119,Delhi,COD,0
1076,29-01-2024,Unknown,Mobile,Electronics,4,0,Delhi,UPI,0
1110,29-01-2024,Neha Gupta,Shoes,Fashion,4,0,Mumbai,UPI,0
1122,29-01-2024,Priya Singh,Mobile,Electronics,2,36309,Mumbai,Credit Card,72618
1126,29-01-2024,Neha Gupta,Mobile,Electronics,3,43574,Mumbai,Credit Card,130722
1158,29-01-2024,Neha Gupta,Headphone,Accessories,4,59869,Delhi,UPI,239476
1182,29-01-2024,Unknown,Mobile,Electronics,1,42390,Delhi,COD,42390
1187,29-01-2024,Unknown,Headphone,Accessories,3,21041,Bengaluru,UPI,63123
1198,29-01-2024,Unknown,Mobile,Electronics,4,39580,Delhi,UPI,158320
1208,29-01-2024,Neha Gupta,Laptop,Electronics,2,5627,Bengaluru,COD,11254
1223,29-01-2024,Priya Singh,Laptop,Electronics,3,30787,Delhi,Credit Card,92361
1235,29-01-2024,Rahul Sharma,Laptop,Electronics,2,56472,Pune,Credit Card,112944
1253,29-01-2024,Priya Singh,Shoes,Fashion,4,59300,Mumbai,UPI,237200
1258,29-01-2024,Priya Singh,Headphone,Accessories,1,0,Bengaluru,Credit Card,0
1276,29-01-2024,Sunil Kapoor,Shoes,Fashion,4,49521,Delhi,COD,198084
1349,29-01-2024,Neha Gupta,Mobile,Electronics,3,16491,Bengaluru,COD,49473
1356,29-01-2024,Neha Gupta,Mobile,Electronics,2,23831,Delhi,COD,47662
1361,29-01-2024,Rohit Verma,Headphone,Accessories,4,26855,Delhi,UPI,107420
1488,29-01-2024,Priya Singh,Shoes,Fashion,0,0,Delhi,Credit Card,0
1022,30-01-2024,Neha Gupta,Mobile,Electronics,4,37009,Pune,COD,148036
1053,30-01-2024,Rahul Sharma,Shoes,Fashion,1,51814,Delhi,Credit Card,51814
1069,30-01-2024,Rahul Sharma,Mobile,Electronics,4,44504,Mumbai,UPI,178016
1142,30-01-2024,Rahul Sharma,Headphone,Accessories,4,20213,Mumbai,COD,80852
1189,30-01-2024,Rahul Sharma,Shoes,Fashion,3,35031,Mumbai,COD,105093
1280,30-01-2024,Rohit Verma,Shoes,Fashion,0,32763,Mumbai,UPI,0
1290,30-01-2024,Rahul Sharma,Mobile,Electronics,3,42562,Delhi,Credit Card,127686
1319,30-01-2024,Rahul Sharma,Mobile,Electronics,1,43603,Bengaluru,Credit Card,43603
1352,30-01-2024,Priya Singh,Headphone,Accessories,3,49891,Bengaluru,COD,149673
1421,30-01-2024,Neha Gupta,Mobile,Electronics,2,28703,Delhi,UPI,57406
1428,30-01-2024,Rahul Sharma,Mobile,Electronics,1,20513,Mumbai,Credit Card,20513
1439,30-01-2024,Priya Singh,Mobile,Electronics,4,15056,Mumbai,UPI,60224
1462,30-01-2024,Rahul Sharma,Shoes,Fashion,1,26356,Bengaluru,UPI,26356
1494,30-01-2024,Rohit Verma,Mobile,Electronics,1,25367,Delhi,Credit Card,25367
1087,31-01-2024,Rohit Verma,Laptop,Electronics,1,48340,Mumbai,UPI,48340
1118,31-01-2024,Rohit Verma,Laptop,Electronics,1,3366,Mumbai,Credit Card,3366
1191,31-01-2024,Neha Gupta,Mobile,Electronics,3,57385,Delhi,Credit Card,172155
1206,31-01-2024,Rahul Sharma,Mobile,Electronics,1,3257,Delhi,UPI,3257
1212,31-01-2024,Unknown,Laptop,Electronics,0,57158,Delhi,UPI,0
1244,31-01-2024,Priya Singh,Headphone,Accessories,4,26275,Bengaluru,COD,105100
1256,31-01-2024,Priya Singh,Mobile,Electronics,3,37468,Mumbai,COD,112404
1383,31-01-2024,Priya Singh,Mobile,Electronics,3,27047,Mumbai,COD,81141
1402,31-01-2024,Rohit Verma,Mobile,Electronics,3,8684,Mumbai,Credit Card,26052
1410,31-01-2024,Sunil Kapoor,Mobile,Electronics,4,59065,Delhi,UPI,236260
1489,31-01-2024,Priya Singh,Shoes,Fashion,0,30772,Bengaluru,COD,0
